{"cameraMode":{"drawMode":0,"name":"Shaded","section":"Shading Mode"},"sceneLighting":true,"audioPlay":false,"sceneViewState":{"m_AlwaysRefresh":false,"showFog":true,"showSkybox":false,"showFlares":true,"showImageEffects":true,"showParticleSystems":true,"showVisualEffectGraphs":true,"m_FxEnabled":true},"in2DMode":false,"pivot":{"x":-2.2361550331115724,"y":4.982081890106201,"z":12.36923599243164},"rotation":{"x":0.045011188834905627,"y":0.9076268672943115,"z":0.10087898373603821,"w":-0.40499380230903628},"size":1.5239750146865845,"orthographic":false}