{"cameraMode":{"drawMode":0,"name":"Shaded","section":"Shading Mode"},"sceneLighting":true,"audioPlay":false,"sceneViewState":{"m_AlwaysRefresh":false,"showFog":true,"showSkybox":true,"showFlares":true,"showImageEffects":true,"showParticleSystems":true,"showVisualEffectGraphs":true,"m_FxEnabled":true},"in2DMode":false,"pivot":{"x":-8.109874725341797,"y":22.778038024902345,"z":-19.791736602783204},"rotation":{"x":-0.4430590569972992,"y":-0.03227072209119797,"z":0.016021303832530977,"w":-0.8958148956298828},"size":9.759687423706055,"orthographic":false}