{"cameraMode":{"drawMode":0,"name":"Shaded","section":"Shading Mode"},"sceneLighting":true,"audioPlay":false,"sceneViewState":{"m_AlwaysRefresh":false,"showFog":true,"showSkybox":true,"showFlares":true,"showImageEffects":true,"showParticleSystems":true,"showVisualEffectGraphs":true,"m_FxEnabled":true},"in2DMode":false,"pivot":{"x":6.464102745056152,"y":5.536808013916016,"z":3.315293073654175},"rotation":{"x":0.030785497277975084,"y":0.9155258536338806,"z":-0.39477914571762087,"w":0.07153453677892685},"size":9.759687423706055,"orthographic":false}