{"cameraMode":{"drawMode":0,"name":"Shaded","section":"Shading Mode"},"sceneLighting":false,"audioPlay":false,"sceneViewState":{"m_AlwaysRefresh":false,"showFog":true,"showSkybox":false,"showFlares":true,"showImageEffects":true,"showParticleSystems":true,"showVisualEffectGraphs":true,"m_FxEnabled":true},"in2DMode":false,"pivot":{"x":-0.38051629066467287,"y":1.5986030101776124,"z":-1.5513432025909424},"rotation":{"x":0.2491975873708725,"y":-0.640070915222168,"z":0.23120664060115815,"w":0.6891687512397766},"size":1.9641104936599732,"orthographic":false}