{"cameraMode":{"drawMode":0,"name":"Shaded","section":"Shading Mode"},"sceneLighting":true,"audioPlay":false,"sceneViewState":{"m_AlwaysRefresh":false,"showFog":true,"showSkybox":true,"showFlares":true,"showImageEffects":true,"showParticleSystems":true,"showVisualEffectGraphs":true,"m_FxEnabled":true},"in2DMode":false,"pivot":{"x":-1.4008426666259766,"y":-3.1590728759765627,"z":17.561704635620118},"rotation":{"x":0.35658419132232668,"y":-0.323199599981308,"z":0.13281291723251344,"w":0.8665741086006165},"size":25.360044479370118,"orthographic":false}