{"cameraMode":{"drawMode":0,"name":"Shaded","section":"Shading Mode"},"sceneLighting":false,"audioPlay":false,"sceneViewState":{"m_AlwaysRefresh":false,"showFog":true,"showSkybox":true,"showFlares":true,"showImageEffects":true,"showParticleSystems":true,"showVisualEffectGraphs":true,"m_FxEnabled":true},"in2DMode":false,"pivot":{"x":22.08827781677246,"y":8.429364204406739,"z":8.011271476745606},"rotation":{"x":0.011912577785551548,"y":-0.9823492765426636,"z":0.17601235210895539,"w":0.06501525640487671},"size":3.261728286743164,"orthographic":false}