{"cameraMode":{"drawMode":0,"name":"Shaded","section":"Shading Mode"},"sceneLighting":false,"audioPlay":false,"sceneViewState":{"m_AlwaysRefresh":false,"showFog":true,"showSkybox":false,"showFlares":true,"showImageEffects":true,"showParticleSystems":true,"showVisualEffectGraphs":true,"m_FxEnabled":true},"in2DMode":false,"pivot":{"x":-0.0010561943054199219,"y":3.600724697113037,"z":0.327742338180542},"rotation":{"x":0.2847527265548706,"y":-0.5597530007362366,"z":0.21267396211624146,"w":0.7487068772315979},"size":5.760753154754639,"orthographic":false}