{"cameraMode":{"drawMode":0,"name":"Shaded","section":"Shading Mode"},"sceneLighting":true,"audioPlay":false,"sceneViewState":{"m_AlwaysRefresh":false,"showFog":true,"showSkybox":true,"showFlares":true,"showImageEffects":true,"showParticleSystems":true,"showVisualEffectGraphs":true,"m_FxEnabled":true},"in2DMode":false,"pivot":{"x":33.44489669799805,"y":1.3159810304641724,"z":25.044729232788087},"rotation":{"x":-0.00466033024713397,"y":0.9981504678726196,"z":-0.03610128164291382,"w":-0.06508834660053253},"size":0.6843165755271912,"orthographic":false}