{"cameraMode":{"drawMode":0,"name":"Shaded","section":"Shading Mode"},"sceneLighting":true,"audioPlay":false,"sceneViewState":{"m_AlwaysRefresh":false,"showFog":true,"showSkybox":true,"showFlares":true,"showImageEffects":true,"showParticleSystems":true,"showVisualEffectGraphs":true,"m_FxEnabled":true},"in2DMode":false,"pivot":{"x":19.10623550415039,"y":2.1530444622039797,"z":35.5756721496582},"rotation":{"x":-0.002936634235084057,"y":0.9843373894691467,"z":0.0052572996355593208,"w":0.18147434294223786},"size":0.6843165755271912,"orthographic":false}