{"cameraMode":{"drawMode":0,"name":"Shaded","section":"Shading Mode"},"sceneLighting":false,"audioPlay":false,"sceneViewState":{"m_AlwaysRefresh":false,"showFog":true,"showSkybox":false,"showFlares":true,"showImageEffects":true,"showParticleSystems":true,"showVisualEffectGraphs":true,"m_FxEnabled":true},"in2DMode":false,"pivot":{"x":-1.4819040298461915,"y":1.6100343465805054,"z":0.3057461082935333},"rotation":{"x":-0.036619942635297778,"y":0.7544217705726624,"z":-0.042086370289325717,"w":-0.6541533470153809},"size":1.398769497871399,"orthographic":false}