{"cameraMode":{"drawMode":0,"name":"Shaded","section":"Shading Mode"},"sceneLighting":true,"audioPlay":false,"sceneViewState":{"m_AlwaysRefresh":false,"showFog":true,"showSkybox":false,"showFlares":true,"showImageEffects":true,"showParticleSystems":true,"showVisualEffectGraphs":true,"m_FxEnabled":true},"in2DMode":false,"pivot":{"x":23.499876022338868,"y":-0.7157621383666992,"z":70.57415008544922},"rotation":{"x":-0.00005884630081709474,"y":0.9828153848648071,"z":0.1846264749765396,"w":0.00029487229767255485},"size":12.12435531616211,"orthographic":false}