{"cameraMode":{"drawMode":0,"name":"Shaded","section":"Shading Mode"},"sceneLighting":true,"audioPlay":false,"sceneViewState":{"m_AlwaysRefresh":false,"showFog":true,"showSkybox":false,"showFlares":true,"showImageEffects":true,"showParticleSystems":true,"showVisualEffectGraphs":true,"m_FxEnabled":true},"in2DMode":false,"pivot":{"x":-19.897680282592775,"y":9.328636169433594,"z":-1.7974233627319337},"rotation":{"x":0.053858496248722079,"y":0.8912074565887451,"z":0.10989545285701752,"w":-0.43678441643714907},"size":12.12435531616211,"orthographic":false}