{"cameraMode":{"drawMode":0,"name":"Shaded","section":"Shading Mode"},"sceneLighting":true,"audioPlay":false,"sceneViewState":{"m_AlwaysRefresh":false,"showFog":true,"showSkybox":false,"showFlares":true,"showImageEffects":true,"showParticleSystems":true,"showVisualEffectGraphs":true,"m_FxEnabled":true},"in2DMode":false,"pivot":{"x":-33.00206756591797,"y":2.6889748573303224,"z":0.11205226182937622},"rotation":{"x":0.11327420175075531,"y":0.6912099719047546,"z":-0.11106240749359131,"w":0.7050397992134094},"size":0.03951030969619751,"orthographic":false}