{"cameraMode":{"drawMode":0,"name":"Shaded","section":"Shading Mode"},"sceneLighting":false,"audioPlay":false,"sceneViewState":{"m_AlwaysRefresh":false,"showFog":true,"showSkybox":false,"showFlares":true,"showImageEffects":true,"showParticleSystems":true,"showVisualEffectGraphs":true,"m_FxEnabled":true},"in2DMode":false,"pivot":{"x":-1.4344408512115479,"y":0.21696016192436219,"z":0.6328164935112},"rotation":{"x":-0.0025760650169104339,"y":-0.9948804378509522,"z":0.09762050211429596,"w":-0.026264648884534837},"size":0.8660253882408142,"orthographic":false}