{"cameraMode":{"drawMode":0,"name":"Shaded","section":"Shading Mode"},"sceneLighting":false,"audioPlay":false,"sceneViewState":{"m_AlwaysRefresh":false,"showFog":true,"showSkybox":false,"showFlares":true,"showImageEffects":true,"showParticleSystems":true,"showVisualEffectGraphs":true,"m_FxEnabled":false},"in2DMode":false,"pivot":{"x":-0.37944331765174868,"y":0.2724919319152832,"z":-0.3434617817401886},"rotation":{"x":-0.047463804483413699,"y":0.8620363473892212,"z":-0.08224286139011383,"w":-0.4979410767555237},"size":1.919936180114746,"orthographic":false}