{"cameraMode":{"drawMode":0,"name":"Shaded","section":"Shading Mode"},"sceneLighting":false,"audioPlay":false,"sceneViewState":{"m_AlwaysRefresh":false,"showFog":true,"showSkybox":false,"showFlares":true,"showImageEffects":true,"showParticleSystems":true,"showVisualEffectGraphs":true,"m_FxEnabled":true},"in2DMode":false,"pivot":{"x":-14.390738487243653,"y":-5.741703033447266,"z":-3.7220377922058107},"rotation":{"x":-0.014201847836375237,"y":0.7913246154785156,"z":-0.6125748157501221,"w":-0.014622504822909832},"size":3.535534143447876,"orthographic":false}