{"cameraMode":{"drawMode":0,"name":"Shaded","section":"Shading Mode"},"sceneLighting":false,"audioPlay":false,"sceneViewState":{"m_AlwaysRefresh":false,"showFog":true,"showSkybox":false,"showFlares":true,"showImageEffects":true,"showParticleSystems":true,"showVisualEffectGraphs":true,"m_FxEnabled":false},"in2DMode":false,"pivot":{"x":-0.2558565139770508,"y":0.17987759411334992,"z":1.2277182340621949},"rotation":{"x":-0.08175979554653168,"y":0.7120693325996399,"z":-0.08415193855762482,"w":-0.692286491394043},"size":1.2490556240081788,"orthographic":false}